{"organisation":"AU_Govt_ABS_Census","name":"abs_2021census_g21a_aust_gccsa","title":"GCCSA-G21A Type of Long-Term Health Condition by Selected Person Characteristics","legal":{"attribution":"{datasource.organisationTitle}, ({dataset.attributionYear}): {dataset.title}; accessed from SUDO on {dateOfAccess}.","attributionYear":"2022","clickthrough":false,"copyrightNotice":"&copy; Commonwealth of Australia (Australian Bureau of Statistics) {dataset.copyrightYear}","copyrightYear":"2022","licenceType":"Creative Commons Attribution 2.5 Australia (CC BY 2.5 AU)"},"referenceSystemIdentifier":"urn:x-ogc:def:crs:EPSG:4283","geoLevel":"gccsa_2021","key":"gccsa_code_2021","keyRegex":null,"availability":"true","geomField":"wkb_geometry","keyword":"census","theme":null,"temporalExtent":{"beginDate":"2021-01-01T00:00:00","endDate":"2021-12-31T00:00:00","selectTime":false},"type":"dataset","_id":"dataset-AU_Govt_ABS_Census-2021-G21A-aust_GCCSA-GCCSA","bbox":[96.81676569599999,-43.740509603,159.109219008,-9.142175977],"abstract":"Type of Long-Term Health Condition by Selected Person Characteristics","selectedAttributes":[{"name":"gccsa_code_2021","type":"String","title":"gccsa_code_2021","description":"GCCSA","stype":"nominal","isDimension":false},{"name":"cob_aus_asth","type":"Integer","title":"Country_of_birth_Australia_Asthma","description":"Asthma","stype":"ratio","isDimension":false},{"name":"cob_aus_lc_copd_emph","type":"Integer","title":"Country_of_birth_Australia_Lung_condition_including_COPD_or_emphysema","description":"Lung condition (including COPD or emphysema)","stype":"ratio","isDimension":false},{"name":"cob_bo_ocea_ant_asth","type":"Integer","title":"Country_of_birth_Born_overseas_Other_Oceania_and_Antarctica_Asthma","description":"Asthma","stype":"ratio","isDimension":false},{"name":"cob_bo_ocea_ant_lc_copd_emph","type":"Integer","title":"Country_of_birth_Born_overseas_Other_Oceania_and_Antarctica_Lung_condition_including_COPD_or_emphysema","description":"Lung condition (including COPD or emphysema)","stype":"ratio","isDimension":false},{"name":"cob_bo_uk_ci_im_asth","type":"Integer","title":"Country_of_birth_Born_overseas_United_Kingdom_Channel_Islands_and_Isle_of_Man_Asthma","description":"Asthma","stype":"ratio","isDimension":false},{"name":"cob_bo_uk_ci_im_lc_copd_emph","type":"Integer","title":"Country_of_birth_Born_overseas_United_Kingdom_Channel_Islands_and_Isle_of_Man_Lung_condition_including_COPD_or_emphysema","description":"Lung condition (including COPD or emphysema)","stype":"ratio","isDimension":false},{"name":"cob_bo_nw_eu_asth","type":"Integer","title":"Country_of_birth_Born_overseas_Other_North_West_Europe_Asthma","description":"Asthma","stype":"ratio","isDimension":false},{"name":"cob_bo_nw_eu_lc_copd_emph","type":"Integer","title":"Country_of_birth_Born_overseas_Other_North_West_Europe_Lung_condition_including_COPD_or_emphysema","description":"Lung condition (including COPD or emphysema)","stype":"ratio","isDimension":false},{"name":"cob_bo_se_eu_asth","type":"Integer","title":"Country_of_birth_Born_overseas_Southern_and_Eastern_Europe_Arthritis","description":"Arthritis","stype":"ratio","isDimension":false},{"name":"cob_bo_se_eu_lc_copd_emph","type":"Integer","title":"Country_of_birth_Born_overseas_Southern_and_Eastern_Europe_Lung_condition_including_COPD_or_emphysema","description":"Lung condition (including COPD or emphysema)","stype":"ratio","isDimension":false},{"name":"cob_bo_na_me_asth","type":"Integer","title":"Country_of_birth_Born_overseas_North_Africa_and_the_Middle_East_Arthritis","description":"Arthritis","stype":"ratio","isDimension":false},{"name":"cob_bo_na_me_lc_copd_emph","type":"Integer","title":"Country_of_birth_Born_overseas_North_Africa_and_the_Middle_East_Lung_condition_including_COPD_or_emphysema","description":"Lung condition (including COPD or emphysema)","stype":"ratio","isDimension":false},{"name":"cob_bo_se_asia_asth","type":"Integer","title":"Country_of_birth_Born_overseas_South_East_Asia_Asthma","description":"Asthma","stype":"ratio","isDimension":false},{"name":"cob_bo_se_asia_lc_copd_emph","type":"Integer","title":"Country_of_birth_Born_overseas_South_East_Asia_Lung_condition_including_COPD_or_emphysema","description":"Lung condition (including COPD or emphysema)","stype":"ratio","isDimension":false},{"name":"cob_bo_ne_asia_asth","type":"Integer","title":"Country_of_birth_Born_overseas_North_East_Asia_Asthma","description":"Asthma","stype":"ratio","isDimension":false},{"name":"cob_bo_ne_asia_lc_copd_emph","type":"Integer","title":"Country_of_birth_Born_overseas_North_East_Asia_Lung_condition_including_COPD_or_emphysema","description":"Lung condition (including COPD or emphysema)","stype":"ratio","isDimension":false},{"name":"cob_bo_sc_asia_asth","type":"Integer","title":"Country_of_birth_Born_overseas_Southern_and_Central_Asia_Asthma","description":"Asthma","stype":"ratio","isDimension":false},{"name":"cob_bo_sc_asia_lc_copd_emph","type":"Integer","title":"Country_of_birth_Born_overseas_Southern_and_Central_Asia_Lung_condition_including_COPD_or_emphysema","description":"Lung condition (including COPD or emphysema)","stype":"ratio","isDimension":false},{"name":"cob_bo_amer_asth","type":"Integer","title":"Country_of_birth_Born_overseas_Americas_Asthma","description":"Asthma","stype":"ratio","isDimension":false},{"name":"cob_bo_amer_lc_copd_emph","type":"Integer","title":"Country_of_birth_Born_overseas_Americas_Lung_condition_including_COPD_or_emphysema","description":"Lung condition (including COPD or emphysema)","stype":"ratio","isDimension":false},{"name":"cob_bo_ss_afr_asth","type":"Integer","title":"Country_of_birth_Born_overseas_Sub_Saharan_Africa_Asthma","description":"Asthma","stype":"ratio","isDimension":false},{"name":"cob_bo_ss_afr_lc_copd_emph","type":"Integer","title":"Country_of_birth_Born_overseas_Sub_Saharan_Africa_Lung_condition_including_COPD_or_emphysema","description":"Lung condition (including COPD or emphysema)","stype":"ratio","isDimension":false},{"name":"cob_bo_tot_ob_asth","type":"Integer","title":"Country_of_birth_Born_overseas_Total_overseas_born_Asthma","description":"Asthma","stype":"ratio","isDimension":false},{"name":"cob_bo_tot_ob_lc_copd_emph","type":"Integer","title":"Country_of_birth_Born_overseas_Total_overseas_born_Lung_condition_including_COPD_or_emphysema","description":"Lung condition (including COPD or emphysema)","stype":"ratio","isDimension":false},{"name":"cob_tot_asth","type":"Integer","title":"Country_of_birth_Total_Asthma","description":"Asthma","stype":"ratio","isDimension":false},{"name":"cob_tot_lc_copd_emph","type":"Integer","title":"Country_of_birth_Total_Lung_condition_including_COPD_or_emphysema","description":"Lung condition (including COPD or emphysema)","stype":"ratio","isDimension":false},{"name":"lfs_emp_asth","type":"Integer","title":"Labour_force_status_Employed_Asthma","description":"Asthma","stype":"ratio","isDimension":false}],"filter":{"filterType":"tabular","feature":{"key":"gccsa_code_2021","geoLevel":"gccsa_2021","geoField":"ignored","year":"2006","featureBbox":[96.81676569599999,-43.740509603,159.109219008,-9.142175977],"featureType":"country","featureInstance":"au","featureName":"Australia","referenceSystemIdentifier":"urn:x-ogc:def:crs:EPSG:4283","prefix":"","keyTransform":null},"states":[]}}