{"organisation":"AU_Govt_AIHW","name":"aihw_cimar_mortality_females_gccsa_2009_13","title":"AIHW - Cancer Incidence and Mortality Across Regions (CIMAR) - Females Mortality (GCCSA) 2009-2013","legal":{"copyrightYear":"2016","attributionYear":"2016","attribution":"{datasource.organisationTitle}, ({dataset.attributionYear}): {dataset.title}; accessed from SUDO on {dateOfAccess}.","clickthrough":false,"licenceType":"Creative Commons Attribution 3.0 Australia (CC BY 3.0 AU)","copyrightNotice":"&copy; {datasource.organisationTitle} {dataset.copyrightYear}"},"referenceSystemIdentifier":"urn:x-ogc:def:crs:EPSG:4283","geoLevel":"gccsa","key":"gccsa_code","keyRegex":null,"availability":"true","geomField":"wkb_geometry","keyword":"health,population","theme":null,"temporalExtent":{"beginDate":"2009-01-01T00:00:00","endDate":"2013-12-31T00:00:00","selectTime":false},"type":"dataset","_id":"dataset-AU_Govt_AIHW-aihw_cimar_mortality_females_gccsa_2009_13-gccsa","bbox":[96.81,-43.75,159.11,-9.14],"abstract":"This dataset presents the footprint of female cancer mortality statistics in Australia for all cancers combined and the 11 top cancer groupings (breast, cervical, colorectal, leukaemia, lung, lymphoma, melanoma of the skin, ovary, pancreas, thyroid and uterus) and their respective ICD-10 codes. The data spans the years 2009-2013 and is aggregated to Greater Capital City Statistical Areas (GCCSA) from the 2011 Australian Statistical Geography Standard (ASGS).<br/><br/>\n\nMortality data refer to the number of deaths due to cancer in a given time period. Cancer deaths data are sourced from the Australian Institute of Health and Welfare (AIHW) 2013 National Mortality Database (NMD).<br/><br/>\n\nFor further information about this dataset, please visit:\n<ul>\n<li><a href=\"https://www.aihw.gov.au/reports/cancer/cimar-books/contents/cimar-books\" target=\"_blank\">Australian Institute of Health and Welfare - Cancer Incidence and Mortality Across Regions (CIMAR) books.</a></li>\n<li><a href=\"https://www.aihw.gov.au/about-our-data/how-we-use-our-data/deaths-data\" target=\"_blank\">Australian Institute of Health and Welfare - 2013 National Mortality Database.</a></li>\n</ul>\n<br/>\n\nPlease note:\n<ul>\n<li>SUDO has spatially enabled the original data.</li>\n<li>Due to changes in geographic classifications over time, long-term trends are not available.</li>\n<li>Values assigned to \"n.p.\" in the original data have been removed from the data.</li>\n<li>The Australian and jurisdictional totals include people who could not be assigned a GCCSA. The number of people who could not be assigned a GCCSA is less than 1% of the total.</li>\n<li>The Australian total also includes residents of Other Territories (Cocos (Keeling) Islands, Christmas Island and Jervis Bay Territory).</li>\n<li>Cause of Death Unit Record File data are provided to the AIHW by the Registries of Births, Deaths and Marriages and the National Coronial Information System (managed by the Victorian Department of Justice) and include cause of death coded by the Australian Bureau of Statistics (ABS). The data are maintained by the AIHW in the NMD.</li>\n<li>Year refers to year of occurrence of death for years up to and including 2012, and year of registration of death for 2013. Deaths registered in 2011 and earlier are based on the final version of cause of death data; deaths registered in 2012 and 2013 are based on revised and preliminary versions, respectively and are subject to further revision by the ABS.</li>\n<li>Cause of death information are based on underlying cause of death and are classified according to the International Classification of Diseases and Related Health Problems (ICD). Deaths registered in 1997 onwards are classified according to the 10th revision (ICD-10).</li>\n<li>Colorectal deaths presented are underestimates. For further information, refer to <a href=\"https://www.abs.gov.au/ausstats/abs@.nsf/Lookup/by%20Subject/3303.0~2015~Main%20Features~Complexities%20in%20the%20measurement%20of%20bowel%20cancer%20in%20Australia~7\" target=\"_blank\">\"Complexities in the measurement of bowel cancer in Australia\"</a> in Causes of Death, Australia (ABS cat. no. 3303.0).</li>\n</ul>","selectedAttributes":[{"name":"gccsa_code","type":"String","title":"GCCSA Code","description":"GCCSA code.","stype":"ratio","isDimension":false},{"name":"all_cancs_combined_crude_rt_100k","type":"Double","title":"All Cancers Combined - Crude rate per 100,000","description":"Number of new cancer cases per 100,000 population. Rates are calculated using the estimated resident population at 30 June for each year. Rates are expressed as incidence per 100,000 males/females/persons for each geographic area.","stype":"ratio","isDimension":false},{"name":"all_cancs_combined_pop","type":"Integer","title":"All Cancers Combined - Total Relevant Population ","description":"Sum of the estimated relevant resident populations at 30 June for each of the five years.","stype":"ratio","isDimension":false},{"name":"all_cancs_combined_rt_ratio","type":"Double","title":"All Cancers Combined - Rate ratio ","description":"Rate ratios are calculated as the age-standardised rate for the geographic area of interest divided by the age-standardised rate for all of Australia. A rate ratio of greater than 1 indicates that the area of interest has a higher rate than the rate for Australia. A rate ratio of less than 1 indicates that the rate for the area of interest is lower than the rate for Australia. A rate ratio of 1 indicates that the area of interest is the same as the rate for Australia.","stype":"ratio","isDimension":false},{"name":"all_cancs_combined_tot_mort","type":"Integer","title":"All Cancers Combined - Total Mortality","description":"Number of deaths due to the specified cancer over the five years.","stype":"ratio","isDimension":false},{"name":"gccsa_name","type":"String","title":"GCCSA Name","description":"GCCSA name.","stype":"ratio","isDimension":false},{"name":"lung_c33_c34_crude_rt_100k","type":"Double","title":"Lung (C33-C34) - Crude rate per 100,000 ","description":"Number of new cancer cases per 100,000 population. Rates are calculated using the estimated resident population at 30 June for each year. Rates are expressed as incidence per 100,000 males/females/persons for each geographic area.","stype":"ratio","isDimension":false},{"name":"lung_c33_c34_pop","type":"Integer","title":"Lung (C33-C34) - Total Relevant Population ","description":"Sum of the estimated relevant resident populations at 30 June for each of the five years.","stype":"ratio","isDimension":false},{"name":"lung_c33_c34_rt_ratio","type":"Double","title":"Lung (C33-C34) - Rate ratio ","description":"Rate ratios are calculated as the age-standardised rate for the geographic area of interest divided by the age-standardised rate for all of Australia. A rate ratio of greater than 1 indicates that the area of interest has a higher rate than the rate for Australia. A rate ratio of less than 1 indicates that the rate for the area of interest is lower than the rate for Australia. A rate ratio of 1 indicates that the area of interest is the same as the rate for Australia.","stype":"ratio","isDimension":false},{"name":"lung_c33_c34_tot_mort","type":"Integer","title":"Lung (C33-C34) - Total Mortality ","description":"Number of deaths due to the specified cancer over the five years.","stype":"ratio","isDimension":false}],"filter":{"filterType":"tabular","feature":{"key":"gccsa_code","geoLevel":"gccsa","geoField":"ignored","year":"2006","featureBbox":[96.81676569599999,-43.740509603,159.109219008,-9.142175977],"featureType":"country","featureInstance":"au","featureName":"Australia","referenceSystemIdentifier":"urn:x-ogc:def:crs:EPSG:4283","prefix":"","keyTransform":null},"states":[]}}