{"organisation":"AU_Govt_ABS_Census","name":"abs_2021census_g21b_aust_gccsa","title":"GCCSA-G21B Type of Long-Term Health Condition by Selected Person Characteristics","legal":{"attribution":"{datasource.organisationTitle}, ({dataset.attributionYear}): {dataset.title}; accessed from SUDO on {dateOfAccess}.","attributionYear":"2022","clickthrough":false,"copyrightNotice":"&copy; Commonwealth of Australia (Australian Bureau of Statistics) {dataset.copyrightYear}","copyrightYear":"2022","licenceType":"Creative Commons Attribution 2.5 Australia (CC BY 2.5 AU)"},"referenceSystemIdentifier":"urn:x-ogc:def:crs:EPSG:4283","geoLevel":"gccsa_2021","key":"gccsa_code_2021","keyRegex":null,"availability":"true","geomField":"wkb_geometry","keyword":"census","theme":null,"temporalExtent":{"beginDate":"2021-01-01T00:00:00","endDate":"2021-12-31T00:00:00","selectTime":false},"type":"dataset","_id":"dataset-AU_Govt_ABS_Census-2021-G21B-aust_GCCSA-GCCSA","bbox":[96.81676569599999,-43.740509603,159.109219008,-9.142175977],"abstract":"Type of Long-Term Health Condition by Selected Person Characteristics","selectedAttributes":[{"name":"gccsa_code_2021","type":"String","title":"gccsa_code_2021","description":"GCCSA","stype":"nominal","isDimension":false},{"name":"lfs_emp_lc_copd_emph","type":"Integer","title":"Labour_force_status_Employed_Lung_condition_including_COPD_or_emphysema","description":"Lung condition (including COPD or emphysema)","stype":"ratio","isDimension":false},{"name":"lfs_unemp_asth","type":"Integer","title":"Labour_force_status_Unemployed_Asthma","description":"Asthma","stype":"ratio","isDimension":false},{"name":"lfs_unemp_lc_copd_emph","type":"Integer","title":"Labour_force_status_Unemployed_Lung_condition_including_COPD_or_emphysema","description":"Lung condition (including COPD or emphysema)","stype":"ratio","isDimension":false},{"name":"lfs_nlf_asth","type":"Integer","title":"Labour_force_status_Not_in_the_labour_force_Asthma","description":"Asthma","stype":"ratio","isDimension":false},{"name":"lfs_nlf_lc_copd_emph","type":"Integer","title":"Labour_force_status_Not_in_the_labour_force_Lung_condition_including_COPD_or_emphysema","description":"Lung condition (including COPD or emphysema)","stype":"ratio","isDimension":false},{"name":"lfs_ns_asth","type":"Integer","title":"Labour_force_status_Labour_force_status_not_stated_Asthma","description":"Asthma","stype":"ratio","isDimension":false},{"name":"lfs_ns_lc_copd_emph","type":"Integer","title":"Labour_force_status_Labour_force_status_not_stated_Lung_condition_including_COPD_or_emphysema","description":"Lung condition (including COPD or emphysema)","stype":"ratio","isDimension":false},{"name":"lfs_tot_asth","type":"Integer","title":"Labour_force_status_Total_Asthma","description":"Asthma","stype":"ratio","isDimension":false},{"name":"lfs_tot_lc_copd_emph","type":"Integer","title":"Labour_force_status_Total_Lung_condition_including_COPD_or_emphysema","description":"Lung condition (including COPD or emphysema)","stype":"ratio","isDimension":false},{"name":"tpi_wk_nni_asth","type":"Integer","title":"Total_personal_income_weekly_Nil_Negative_income_Asthma","description":"Asthma","stype":"ratio","isDimension":false},{"name":"tpi_wk_nni_lc_copd_emph","type":"Integer","title":"Total_personal_income_weekly_Nil_Negative_income_Lung_condition_including_COPD_or_emphysema","description":"Lung condition (including COPD or emphysema)","stype":"ratio","isDimension":false},{"name":"tpi_wk_1_299_asth","type":"Integer","title":"Total_personal_income_weekly_1_299_Asthma","description":"Asthma","stype":"ratio","isDimension":false},{"name":"tpi_wk_1_299_lc_copd_emph","type":"Integer","title":"Total_personal_income_weekly_1_299_Lung_condition_including_COPD_or_emphysema","description":"Lung condition (including COPD or emphysema)","stype":"ratio","isDimension":false},{"name":"tpi_wk_300_649_asth","type":"Integer","title":"Total_personal_income_weekly_300_649_Asthma","description":"Asthma","stype":"ratio","isDimension":false},{"name":"tpi_wk_300_649_lc_copd_emph","type":"Integer","title":"Total_personal_income_weekly_300_649_Lung_condition_including_COPD_or_emphysema","description":"Lung condition (including COPD or emphysema)","stype":"ratio","isDimension":false},{"name":"tpi_wk_650_999_asth","type":"Integer","title":"Total_personal_income_weekly_650_999_Asthma","description":"Asthma","stype":"ratio","isDimension":false},{"name":"tpi_wk_650_999_lc_copd_emph","type":"Integer","title":"Total_personal_income_weekly_650_999_Lung_condition_including_COPD_or_emphysema","description":"Lung condition (including COPD or emphysema)","stype":"ratio","isDimension":false},{"name":"tpi_wk_1000_1749_asth","type":"Integer","title":"Total_personal_income_weekly_1000_1749_Asthma","description":"Asthma","stype":"ratio","isDimension":false},{"name":"tpi_wk_1000_1749_lc_copd_emph","type":"Integer","title":"Total_personal_income_weekly_1000_1749_Lung_condition_including_COPD_or_emphysema","description":"Lung condition (including COPD or emphysema)","stype":"ratio","isDimension":false},{"name":"tpi_wk_1750_2999_asth","type":"Integer","title":"Total_personal_income_weekly_1750_2999_Asthma","description":"Asthma","stype":"ratio","isDimension":false},{"name":"tpi_wk_1750_2999_lc_copd_emph","type":"Integer","title":"Total_personal_income_weekly_1750_2999_Lung_condition_including_COPD_or_emphysema","description":"Lung condition (including COPD or emphysema)","stype":"ratio","isDimension":false},{"name":"tpi_wk_3000_more_asth","type":"Integer","title":"Total_personal_income_weekly_3000_or_more_Asthma","description":"Asthma","stype":"ratio","isDimension":false},{"name":"tpi_wk_3000_more_lc_copd_emph","type":"Integer","title":"Total_personal_income_weekly_3000_or_more_Lung_condition_including_COPD_or_emphysema","description":"Lung condition (including COPD or emphysema)","stype":"ratio","isDimension":false},{"name":"cana_hna_asth","type":"Integer","title":"Core_activity_need_for_assistance_Has_need_for_assistance_Asthma","description":"Asthma","stype":"ratio","isDimension":false},{"name":"cana_hna_lc_copd_emph","type":"Integer","title":"Core_activity_need_for_assistance_Has_need_for_assistance_Lung_condition_including_COPD_or_emphysema","description":"Lung condition (including COPD or emphysema)","stype":"ratio","isDimension":false}],"filter":{"filterType":"tabular","feature":{"key":"gccsa_code_2021","geoLevel":"gccsa_2021","geoField":"ignored","year":"2006","featureBbox":[96.81676569599999,-43.740509603,159.109219008,-9.142175977],"featureType":"country","featureInstance":"au","featureName":"Australia","referenceSystemIdentifier":"urn:x-ogc:def:crs:EPSG:4283","prefix":"","keyTransform":null},"states":[]}}